"V1","V2","V3","V4","V5","V6"
0.204658863390828,0.36331539471357,0.00061549677792578,0.00352419108324525,6.25589796771076e-05,0.792414307245378
0.443503111762222,0.453131904554204,0.000367896105519477,0.00339863196871118,8.53562111505224e-05,0.549786410553032
0.536937109673064,0.581679734101836,0.000361164939437814,0.00713287013755424,0.000118434406441714,0.404230511596992
0.40491579097468,0.440048547600824,0.000270451878222769,0.00553965514254224,7.43739963296464e-05,0.663438803420272
0.287799345028983,0.555381368172458,0.000421916414240973,0.00668252935067036,3.92333551715862e-05,0.430653014952635
0.396777217578359,0.462297713998971,0.000562016922657703,0.012719382482659,6.97884494818557e-05,0.98169552104436
0.275330440693278,0.534563804444054,0.000396226595429055,0.00333690093794787,3.63652812931936e-05,0.220042252907504
0.511363580502078,0.256482092453325,0.00026262711039861,0.014339849539548,8.43219066126721e-05,1.07520505693663
0.250659511570328,0.39707646581899,0.000212024751961819,0.00152209308062241,6.41841230455964e-05,0.455042446756426
0.41319465617029,0.552844748757941,0.000524080732947471,0.00728391493565184,4.18803408869239e-05,0.530500254347643
0.371428816425823,0.364989284129535,0.000495310889398708,0.00250715260076616,0.000153698547614156,0.727729581121809
0.235111382435038,0.576613974956341,0.00054083396821003,0.00438318223018795,2.18718428035558e-05,0.325594733615227
0.314146959767836,0.479423390820077,0.000890927939756203,0.00931017272213072,0.000130953127999711,0.86838597741871
0.305160772026136,0.109756345845202,0.000122727812382603,0.0165974641543252,9.46103012502975e-05,1.19862063604111
0.487842580597642,0.588931881206899,0.000902403615511891,0.0218239121455418,7.76287143122723e-05,0.997583356584138
0.242720616440151,0.549379549019679,0.000438823619115196,0.00630106978657555,2.36651211418804e-05,0.421618529422574
0.509594575759387,0.448555048160326,0.000531328369340096,0.00909329319382606,9.84335478418363e-05,0.858397556665243
0.359788991987076,0.291047415834633,0.000309201067039133,0.000766032106953267,0.000133805238163032,0.993594755786346
0.264893851664727,0.531621389243674,0.00051798387889728,0.00494649609701041,4.70877322328311e-05,0.473854999057573
0.311844667019168,0.115966047598004,9.71560232456068e-05,0.00165195557392092,8.37323877844742e-05,1.04983434466854
0.499515629199809,0.356929506284409,0.000332231165515015,0.00355932797901914,0.000150034374973851,0.871178032898119
0.329690227154344,0.604911611690184,0.00125352253207898,0.0164522632842675,0.000179435687519547,0.853820626400825
0.047399124420977,0.107926202419506,0.000257275090244567,0.0237675397011091,0.000251720285146528,1.04775225391688
0.253677486855564,0.470275456243562,0.00046927096818258,0.00428240288230519,3.74774935210653e-05,0.526296983890025
0.665524669559714,0.448863340718475,0.000379232711608271,0.010879171686692,0.000158478156238318,0.958674729338119
0.233670259740526,0.62089518149122,0.000605485756000057,0.0121345099549483,3.06576177486195e-05,0.60477744996031
0.230595433033942,0.454709190855773,0.000253407766145511,0.00533201081382677,2.59103990499221e-05,0.476849267908956
0.551114142762765,0.234142241872792,0.000175823864480483,0.00240741932817328,0.000200626725392616,0.859579267116957
0.30628490649387,0.720274749177462,0.000860569675888355,0.0100289428866291,0.000109374890813752,0.470248806505591
0.363782196767248,0.214458710456888,0.000229241732913848,0.00118088332287262,9.95396691017003e-05,1.07269404678867
0.430329053285883,0.442238160369701,0.000601019116081807,0.0121758729931809,0.000108276446807165,1.06997807442684
0.693127491467882,0.260896004244948,0.000161389702922423,0.0156808115427319,0.000106757567742977,1.15987361006079
0.318556868647013,0.345438181670321,0.00031504197331841,0.00283698510413924,6.30904852208514e-05,0.784394732888938
0.420025520646572,0.556673914298144,0.00031901225807334,0.00630859864379575,3.49444249647668e-05,0.439334949290752
0.275532855824601,0.486640540919847,0.000318536820774286,0.00366089385155683,3.26429558189512e-05,0.405275730101332
0.546448641771669,0.191302496677092,0.000120766013506873,0.00984546307385743,0.000113869175705217,1.09304955952701
0.309077477873565,0.154530972129585,0.000213871526996304,0.0109495661628132,0.000124809130144787,1.18696063225639
0.4749099056367,0.279572699546371,0.000352628662546119,0.0129421737790228,0.000147716135419362,1.07305250410805
0.178960714100063,0.407172841887515,0.000301163139861314,0.00160888587817455,6.30491455960724e-05,0.275247795204307
0.205509144282079,0.470904243321523,0.000746369789147597,0.00656110547733338,5.28621274975549e-05,0.73591776928635
0.535210161637378,0.542521122415262,0.000688320200237236,0.0128320294740763,7.94567583783934e-05,0.81102626084221
0.250143027131777,0.534185138567622,0.000411802979240404,0.00469736483171041,2.05912588507884e-05,0.30116734819341
0.218553013408007,0.50007370905325,0.000397295414931799,0.00660032077025109,3.20800683892286e-05,0.563533681211907
0.176074008325644,0.390665201077666,0.000429260621518221,0.00230688828611087,5.17349982881443e-05,0.688244327214556
0.245959964566556,0.569664220739785,0.000435179027651651,0.00585169553114971,1.41568481631937e-05,0.29046749477161
0.241935003677529,0.544789798218037,0.000611523541544605,0.0101049778581227,4.51249042188184e-05,0.706983780022578
0.314906091360978,0.557018328850578,0.00110821742584921,0.00778486760341249,7.8048394935859e-05,0.578342458716167
0.495782683190837,0.206327919693994,0.000188728159049895,0.0145667081121102,0.000120986686918956,1.41955796978769
0.32415261021379,0.322853047129978,0.000329066888078116,0.000895706290566472,0.000116994889233502,0.963254967104957
0.279276590290367,0.355430473386597,0.000305705872514851,0.002867245823625,5.71094639828518e-05,0.727190607197059
0.231721809151875,0.146378007603864,0.000290228161275203,0.0140524627282154,0.000301665037727439,1.1348581080021
0.224828956462142,0.410921750626513,0.000313075901019794,0.00071330888180248,0.000152388274068938,0.591786846163937
0.591349664518237,0.25316005508591,0.000156062273964126,0.00646973426340506,9.30061104062463e-05,0.980300732652169
0.547489368667442,0.229164835330309,0.000215231987616653,0.0129731666403161,0.000170527997898906,1.12648074030626
0.467279508015173,0.517094125129791,0.000509836035773275,0.00546381937011858,0.000125231250462654,0.514414612344064
0.736834779762052,0.501891965098977,0.000292662393655948,0.00686878462663465,0.00011321691378019,0.605139189343203
0.512225575565184,0.327143794331963,0.000229570371005191,0.000453049086500203,0.000159998536373995,0.642906054286
0.304340470744791,0.422258293275579,0.000465023912205836,0.00307574133749457,6.69685091062022e-05,0.576834938566713
0.160206307449062,0.308706245399914,0.000580915036997785,0.00191739536565499,6.82742541890935e-05,0.975075244358248
0.469723199720828,0.679716285589826,0.00141327529308288,0.0275973952488874,0.000148756940199224,0.94126829470742
0.722094423031283,0.344185611012015,0.000287154126829162,0.0200526963981381,7.35856874378715e-05,1.06130505862131
0.345633944780488,0.599964999237201,0.000369463176900072,0.00816496872256346,2.7256167441092e-05,0.391429269112435
0.242581606477721,0.543025407195862,0.000386534054075405,0.00701898109380293,1.50319632755136e-05,0.341541751965509
0.854585730760693,0.417446001543808,0.000308189853738737,0.0202656366924244,0.000132714100731235,1.04185451056393
0.36502756554091,0.1261750579018,8.96502226328215e-05,0.00309921106397429,8.49425375468171e-05,1.17534350529969
0.226768134357069,0.466566659640399,0.000356239009205847,0.00290498753829915,4.0442886843628e-05,0.400304531837185
0.184860162600886,0.355160140685928,0.000165677683423253,0.00106578486433076,3.77524830078024e-05,0.457402177311827
0.637834968599815,0.550152054745733,0.000683731704171591,0.0286591847255467,8.24335238916452e-05,1.2008774821437
0.929748643171413,0.513771586940769,0.000398133588303778,0.0195709443947692,0.000147187930454873,0.880838639235234
0.374539490107795,0.212990666548229,0.000338383297328525,0.00654136840139152,0.000271510654900609,1.03259982474254
0.433939161254004,0.130280509935687,6.24819908257024e-05,0.00361045906092729,0.000102033575703764,1.16023030483821
0.245186454186364,0.557258254985093,0.000478396392528906,0.00387731211106056,1.55131495593874e-05,0.24409963119328
0.394834484870321,0.598325468281757,0.000426084274006224,0.00779214334881547,3.57887893445707e-05,0.456153042782681
0.501390498153231,0.509089611855362,0.000591193386020475,0.0190330844156745,6.16838020092714e-05,1.05992729347119
0.270337955184941,0.0882905017984824,0.000132455264946683,0.0055776281685357,0.000458058159379104,1.17477266869577
0.283058076452347,0.323145400271673,0.000266849789018079,0.0022925844955779,5.75436054056633e-05,0.844432391633454
0.275933294522357,0.642613001589076,0.000601431326341384,0.00944902124623757,3.37562684415982e-05,0.492384328631967
0.389319360060147,0.551517609082008,0.00102708299353374,0.00960591198869868,0.000118441521912427,0.645528015008612
0.275572528795065,0.589445263710075,0.000459347435206275,0.00971931525262093,2.82590110631253e-05,0.497482430394935
0.267832073956864,0.395328038860221,0.00021288207134873,0.00191407462149914,4.65637727722901e-05,0.449465231311397
0.280761686318742,0.631505722381575,0.000518420457841705,0.0112911148362839,2.07766763099526e-05,0.470751836382603
0.491719674404756,0.359309049513534,0.000493834223621751,0.0141220533012021,0.000121338258757264,0.942938965934707
0.268781169152632,0.617470362840322,0.000542835110963123,0.00774401687172624,2.2496267808314e-05,0.400362934405152
0.323869922534969,0.0974231385564294,7.67785689216792e-05,0.00190512514478388,0.000190177761022481,0.945396103605815
0.57514994661334,0.413270397126019,0.000535628053282317,0.0196942840504009,0.000111622712170578,1.20900711657971
0.48296020468408,0.371197616422236,0.000323230089865107,0.00530899966322274,7.1721247225931e-05,0.855037778942543
0.563113578001539,0.409561809633363,0.000312026091970579,0.00517955984895886,8.58442787937674e-05,0.744585752132654
0.43561375177581,0.184694981197886,0.000108087707838069,0.000696634343227182,8.9004912384727e-05,0.936599765026062
0.320347078849315,0.117156629897419,0.000111466262521707,0.00949059242527639,8.80341242376348e-05,1.35508053793106
0.501862497057637,0.626701733896783,0.00100927084142174,0.0225722667500174,0.000110050357937652,0.957226795102646
0.204378107874215,0.462633650277766,0.000463118239097631,0.00103255221404831,0.000167724048065476,0.424930944723882
0.207174004901445,0.54233177426699,0.000496432403264611,0.00513957563635132,2.76329891510385e-05,0.433957914528863
0.729711702971425,0.550689869038833,0.000580550362897344,0.0205080990789419,8.7410412462352e-05,0.955733248586554
0.163588505421863,0.390361835411745,0.000233219140615455,0.00156482761811841,2.02648989519605e-05,0.290022871788735
0.362803762142816,0.480384257262045,0.000620156240525662,0.00686756880157497,5.06010624734543e-05,0.653747892664924
0.304907425344725,0.48807374253279,0.00064779459662783,0.00874767026973597,5.03429670797861e-05,0.730128209014413
0.196159380897454,0.474058864385895,0.000460458191823118,0.00639829829245692,4.44420226994313e-05,0.716334816652786
0.295942322184883,0.558938881789483,0.000367528747521487,0.007634573742881,2.33542308797352e-05,0.413678261660758
0.266723094430876,0.472291011854863,0.000312288885481341,0.00301668953055818,3.95431718869244e-05,0.372587428683809
0.39785427640715,0.24529729480971,0.000353812255090727,0.00342611625197315,0.000229300687899781,1.35406756624305
0.376038299439996,0.598814545393899,0.000351907146854481,0.00788650615844512,2.90850615425331e-05,0.403827318980661
0.134698109403031,0.335552264307814,0.000164764759718367,0.00124453749147538,1.28573558549894e-05,0.213232908408134
0.609648324153556,0.270217484166224,0.00023598346143215,0.0186787953786778,6.88784575500478e-05,1.11136479088447
0.255421881438789,0.458442484252419,0.000780936792439084,0.00271654584541433,0.000165327470134924,0.573538342877692
0.402469560634167,0.376757366915558,0.000274642562374845,0.00221268277922348,7.34768032362165e-05,0.614796298784951
0.279880639424412,0.54832160817364,0.000369205941892175,0.00499339669121238,2.01772544325407e-05,0.33308709042427
0.196025045812176,0.418833899895609,0.000222265371399974,0.0023566733642344,1.67795792788139e-05,0.282044854660324
0.391456245019128,0.356703993231732,0.000273825338032679,0.00120891559905546,9.84362651265669e-05,0.62533085989358
0.352081029696416,0.532147089227219,0.000616702928089653,0.00685848195680627,5.32951675763504e-05,0.574230618518208
0.202705690172111,0.495061786676131,0.000510328423199345,0.00246990492487014,0.000142118124125956,0.480091412724537
0.149188177820392,0.365740168539741,0.000209911402967603,0.00158264850780299,2.42396108102172e-05,0.369571550159116
0.336131357906444,0.134093656067868,0.00012268587113213,0.00171540960848736,8.49450265197338e-05,1.13466641692428
0.296604248841703,0.563677916343152,0.000407837173972097,0.0064376048282609,2.57834524911016e-05,0.393292805829966
0.222969185057487,0.46328359598613,0.000412055197556478,0.00153842661720915,0.00015154893868996,0.460078999449849
0.355718826947626,0.182767486700541,0.000264031729124703,0.00188098598458935,0.000281382326224044,1.02729702768922
0.343227680370539,0.162117459123756,0.000211143543985389,0.010483987895287,8.2716053677323e-05,1.50638171915925
0.496338766867721,0.227463907431779,9.31386060752461e-05,7.43732428024454e-05,8.78770862328127e-05,0.839211087318621
0.282727049852882,0.478815579296743,0.000798676009645354,0.0062059071159748,7.36314699406604e-05,0.671743784582309
0.671071431929127,0.65333675236534,0.000474011403141437,0.0155937873388571,9.50698881521661e-05,0.594672133461908
0.468672059475983,0.235651073876575,0.000317400363097115,0.00891644043773557,0.000379621098178795,0.965581757491248
0.32545658576244,0.569048854981435,0.000731049424852946,0.0101871576661607,3.92559180786844e-05,0.626272137875065
0.22217992382001,0.333905832317071,0.00042754054070393,0.000126312562155815,0.00010144490855124,0.598911785894736
0.223655328137617,0.409490617470087,0.000628348205689022,0.00438149024062362,5.60297145318911e-05,0.714319336370117
0.249546368177311,0.325478982265981,0.00025201034839257,0.000409758740747636,6.92740962732197e-05,0.682428116331272
0.375709748504649,0.621640753650787,0.000676969220896646,0.0147124029855775,4.14893066416622e-05,0.664905512737235
0.282584581374756,0.537730815430847,0.000382362405058702,0.00553495143702192,2.83951335763866e-05,0.404252669631659
0.109561573040651,0.318604858440263,0.000202808856137564,0.000473123597125432,3.28006949462667e-05,0.507409593264452
0.09620898407392,0.286580105757217,0.000146422240069174,2.11373055566558e-05,2.80064682389725e-05,0.383712030997222
0.429328278275243,0.140316005425856,5.57113534511393e-05,0.00112804725243316,8.92560369586404e-05,0.893546315254105
0.281603716777434,0.489992099450553,0.000629654122267073,0.00466272700830724,6.27289564555933e-05,0.574238892732855
0.239640081518555,0.119419916455587,0.000152923057718444,0.0154832947697946,5.38412641359898e-05,1.02169219284853
0.32848608296665,0.515090355479585,0.000893388450757498,0.00768235872678729,9.54009139866874e-05,0.66191071530497
0.497357069940696,0.308238662094506,0.000390930539543152,0.0144749372216995,0.000110503841332932,1.06267698382808
0.526721467196678,0.543337998482051,0.00077550450140938,0.0184800734984566,0.000154922924129608,1.02383659941196
0.597679944923657,0.406455066825906,0.000205826248257855,0.00498395268785526,6.48286485979699e-05,0.709832286656849
0.272332386094254,0.390119611004546,0.000449544695697262,0.00245247495946264,6.20138157006456e-05,0.584403426473479
0.176437714404232,0.492146405461912,0.00047738255410934,0.00287361334109068,4.04240778933973e-05,0.446100324069665
0.293603885843652,0.137920271370273,0.000261665620536279,0.00695664986537027,0.000492063288590194,1.30180695598151
0.299580429561352,0.241354028651663,0.000366418793894065,7.43449752554121e-05,0.000163457641172426,1.01074976995112
0.307289435699243,0.514855277355952,0.000709371014887391,0.00650432837130082,5.88208281138147e-05,0.598091418875975
0.638848023768457,0.605523230223781,0.000548536113620379,0.0115562686274297,8.92622738626891e-05,0.604269535509072
0.129463136279151,0.329526239184474,0.000154162233125175,0.00115406616263414,1.75105310931678e-05,0.328650146922775
0.461565481126858,0.22901763357952,0.000192899082827682,0.00258779470915397,0.000107603575313919,1.0534210809691
0.123319119460508,0.319635299006471,0.000151969563901209,0.000882669981391463,1.48480817210861e-05,0.263599602875105
0.513481506287938,0.352069382092423,0.000449865773632929,0.0141408703997164,0.00010636465149344,0.953928495620963
0.406428999694119,0.624566796558756,0.0012613874785572,0.0153040132804578,0.000124258672749844,0.687035241779081
0.0762581966473608,0.0447283344806592,0.000104778063891864,0.00915460204420349,7.53639180506305e-05,1.57066513411334
0.720832612405298,0.482999493511826,0.000357045793508703,0.0101334734647907,6.51059113176977e-05,0.749393784419775
0.504872451320137,0.372578236373932,0.000451877957817283,0.00795453374502486,0.000109999257424942,0.911945444918386
0.254098872215502,0.543768832184099,0.000418789216311793,0.00845924890611828,3.26290210295177e-05,0.564613629516764
0.181126400558007,0.395199465264006,0.00019925139540522,0.00346383097728418,1.8704335914832e-05,0.376957396056957
0.305586093820587,0.727422913515684,0.000795540154701386,0.0144265263402055,7.57795587280619e-05,0.535712228866281
0.850203119588944,0.552351432758779,0.000510031148318443,0.0224482953064304,0.000104239946288609,0.949460791773345
0.257141366308833,0.539953055656017,0.00086303872553563,0.00611101451251729,4.30159838651911e-05,0.552053569657929
0.199794858440905,0.42573737424334,0.000714029532887319,0.000768533094624197,0.000185208149931781,0.576180865859606
0.77067940542408,0.651980255617079,0.000761757061384927,0.0234528757972871,0.000208498435014248,0.838531314103126
0.561548307166371,0.36785907076009,0.000457048056255539,0.0117223981383712,0.00012316132915885,0.880285742022035
0.0182522969072174,0.00189621113255711,3.30088924860306e-05,0.000107877620170171,0.000182222099183449,1.01163697792487
0.708814586131146,0.417384778628182,0.000336771785763063,0.0140705259137659,6.65669607144426e-05,0.979157489859143
0.259859377000904,0.571103967395014,0.00048131967549698,0.00533041115342264,2.56622287211905e-05,0.375035971182195
0.519407893627699,0.229097419313095,0.00018998881666946,0.0112753872565691,8.1115058549186e-05,1.13589426053625
0.670711337623642,0.456247323643577,0.000316788480866518,0.00677575861719935,5.45308642838083e-05,0.654232386317529
0.204829293334319,0.515665213418614,0.000500522697161847,0.00320706764034284,5.56434209084133e-05,0.416573814143728
0.81114403811311,0.430606902246388,0.000312644131491727,0.0125990389808285,8.9077528990511e-05,0.848285896352478
0.385663039269568,0.492107959937371,0.000592832572778233,0.00470294300138262,0.0001300316494382,0.544388296859951
0.279556319127128,0.610389148503198,0.00112425019501547,0.0109528176818672,7.45699084994667e-05,0.668037950949755
0.801878994476368,0.341180028229359,0.000300108918538378,0.0249527350539212,0.000294342617149224,1.0284951953025
0.675798982772147,0.315531762218324,0.000298791391251107,0.0250754779881504,0.000111424025657503,1.19989965329248
0.47863771356349,0.492568877630272,0.000589403007543256,0.00712316896118408,0.000224861890020522,0.714013250787311
0.337859460080026,0.386384026995756,0.000448286595682618,0.00189156386443123,0.000167405288524491,0.740959705195869
0.493134003634044,0.560495489465573,0.000990277817293693,0.0191395833791321,0.000294287248200908,0.99682863863304
0.20141607279367,0.271536645501946,0.000418741680999598,0.000188332862321212,8.44067921279557e-05,0.834524974302475
0.203951419323056,0.471385536437995,0.00076855655393171,0.00643474870181444,4.91758785650664e-05,0.727094002942833
0.276992072416604,0.514504860660291,0.000305414353106239,0.00625806082605556,2.08520803776646e-05,0.392223093170774
0.529958092567728,0.280608321967523,0.000278791226485505,0.0101321974894335,7.76161413681975e-05,0.958346647624471
0.379183139344041,0.526580296422718,0.000673205403017058,0.00709369854142875,0.00018113348468074,0.625116513267946
0.330111573014769,0.148038707847853,0.000220547051944995,0.0039883454716616,0.00030903939075011,1.16061844533203
0.172234880028155,0.0800323274319225,0.000162757737373223,0.003452929177028,0.000217016687226179,1.24933350253616
0.18326997788698,0.46787204571741,0.000428633538932363,0.00404130765756833,4.93610895491159e-05,0.637038611128737
0.515927970379249,0.531086920108059,0.000673932351864208,0.0121869366702982,8.18553994363924e-05,0.820879308997361
0.220449621958219,0.410206114631606,0.000211424248873295,0.00193889319330002,2.7462661698896e-05,0.329698002499157
0.171945715833344,0.381684457040343,0.000198788701255559,0.00162369392534397,1.49379240615977e-05,0.22189064234901
0.685219762155409,0.29492003211784,0.00017009106362106,0.00894793213428764,7.20816902888277e-05,0.930581171284158
0.288679516080581,0.623417282519245,0.00106371855730369,0.0145021172462797,9.49800749133756e-05,0.742570139566911
0.155626990621105,0.375479326186756,0.000292461159915166,0.000458630905634091,8.27209781728566e-05,0.340172533034681
0.30931152276481,0.514540581697531,0.000808281679542944,0.00472823746251143,0.000116370699763946,0.524820913664718
0.440191534515355,0.524361290832331,0.000534753680806307,0.00660177391198502,0.00010258957176823,0.587692244162034
0.175797803638744,0.429271116375584,0.000294144142075149,0.00213514747089099,1.98415983795885e-05,0.293879548389035
0.479044096055592,0.420212972251921,0.000506941395864554,0.00899671353796602,8.82447976344181e-05,0.907943020915051
0.513018975460966,0.407861589557523,0.000593056184183815,0.0218515645765218,0.000141005646356329,1.09335072998965
0.473685050869088,0.168937023592441,8.58471574906515e-05,0.00232776208594235,0.000107932244960973,1.0178433101989
0.124876321021539,0.301481111575352,0.000132677087126355,0.000616014451353714,1.7420958707548e-05,0.256362440254065
0.366762219266015,0.127890726786539,0.000164716595594884,0.0205998162558111,0.000271469987568607,0.975124259309604
0.27439022540765,0.394443500417729,0.000190163845559255,0.00309506546566521,4.98049485708751e-05,0.585291067149255
0.55518092301643,0.175354276432671,0.000114500393912285,0.0149196098750018,6.78009993065887e-05,1.15726407696748
0.191296917210204,0.50135347012814,0.000539726900363112,0.00502753568601807,5.95013203985584e-05,0.625781416385696
0.866969766274428,0.393138847032403,0.000246619821751638,0.0106810237754384,0.000147424049633249,0.698255988758796
0.301729734063505,0.0980750028412024,9.85313806228001e-05,0.0134968866297555,5.79703081399208e-05,1.24893616512504
0.250498025358148,0.37030376281999,0.000613116401306156,0.00491978558114781,6.52740226064763e-05,0.850453283070725
0.400992050794136,0.222549898232227,0.000251823218950469,0.00474956831182054,0.000103378930674247,1.07246744597648
0.248306787105079,0.413907792984336,0.000645237991465335,0.00200437228053169,0.00013382036174181,0.614943293431036
0.251714337599074,0.0960466740584919,0.000120576063460704,0.0115875936040106,0.00014483972894247,1.17183493899553
0.363613317670985,0.33640049118544,0.000581222860840391,0.00344802049356829,0.000381960483981925,1.1988251055195
0.563195230046665,0.22247787084817,0.000121270516482776,0.00226312971267945,0.000159805528715529,0.778290010202317
0.2211603360458,0.443325092525093,0.000288301006636159,0.00260822281391729,4.44584443468066e-05,0.341711456837886
0.27993981000507,0.537536954337003,0.000366219978872476,0.00512121850831144,1.36672809403215e-05,0.257623130299015
0.378840055593743,0.543973473488001,0.000306732585956101,0.00603418230747467,3.11246358866701e-05,0.40433009829884
0.544898647653058,0.547980082976628,0.000440017619337699,0.0114733557407146,5.17404951203004e-05,0.691514208195354
0.535143458602061,0.203641862095427,0.000163402378022021,0.0106421116774502,8.30232781065532e-05,0.911193768630506
0.28870108268908,0.482309981064688,0.000253557350081225,0.00394696219675948,2.86588229092555e-05,0.398088429927797
0.481695131274718,0.503813565810862,0.00048146069372582,0.00978916515546681,8.80532631378217e-05,0.808458819516004
0.220698079160808,0.550501848162188,0.000587292193403905,0.00490608258764601,7.30806873808221e-05,0.474260697906163
0.471039446603427,0.149001022631268,7.79285330551208e-05,0.00780051731969727,9.42982664592362e-05,1.33603281016562
0.113915449098112,0.312231522248129,0.000165469525919321,0.00112412283085181,2.89327803978945e-05,0.593748896186389
0.107899465725536,0.309037579748761,0.000178216003291328,0.000349899843702214,2.7514010987606e-05,0.424450371028229
0.193115256849063,0.468709272616329,0.000407695093481867,0.00225416223798014,4.58163572081283e-05,0.360862594432169
0.24137192892737,0.344178090971869,0.000571268202285781,0.00156758983222665,0.000115637567411897,0.74721053915372
0.551158358624848,0.414168475793008,0.000609038339636849,0.0355453018246228,0.000124020966814353,1.34594401461537
0.20216520441152,0.507412356187675,0.000422377511382394,0.00512015389531051,2.91885786582458e-05,0.475057146165358
0.329028625297711,0.531694547833971,0.000587536762257963,0.00560870042552532,3.90971988506461e-05,0.506432920584684
0.600463921803795,0.310195133024216,0.000349483977373539,0.0320379007753438,9.49251404272489e-05,1.26737338067562
0.597277522255135,0.449194909268868,0.000463041251367155,0.0103674399303572,8.35118507624966e-05,0.859475178179488
0.908821831411277,0.614037131474453,0.000582943208580845,0.0205510694143271,0.000237081696423391,0.794180836538594
0.396945007898886,0.475849076253531,0.000270048135256725,0.00478276635978198,6.3121737563232e-05,0.504802664125226
0.640565349848687,0.49689464881597,0.000330342792171605,0.0072447775924443,5.25712536475487e-05,0.618477660541128
0.55099108755674,0.305950698720192,0.000334524145609702,0.00986095187203796,0.000134628467218789,1.02002978228377
0.309739944430731,0.112955022113503,0.000108500556066688,0.00787353790451409,6.06399135308355e-05,1.01778822603575
0.312695755592118,0.422873648764365,0.000443157978564328,0.00606415131459188,5.93045619418087e-05,0.77696620045901
0.539338356247976,0.511958123450284,0.000285613188614039,0.00857115827836351,4.21802805364302e-05,0.614890790454995
0.234187682737197,0.0709117199404474,7.92613184197321e-05,0.00712539334059491,0.000118396635491458,0.944843764261183
0.265010146632827,0.565675880526139,0.000913159016618132,0.00576377091958997,5.10096443945285e-05,0.507080133208918
0.177368157644464,0.0413205482607814,4.51291970269909e-05,0.00145746055446594,0.000192716948288485,0.953157584548947
0.44077246413754,0.167206252787988,0.000157418074737364,0.0127170296672561,0.000109416490580438,0.96813568245165
0.203992538388986,0.554455883094995,0.000573034840099597,0.00398236675794702,3.59954951636987e-05,0.393288832093811
0.427120644089785,0.462045901983287,0.000252848580171795,0.00437921831987685,4.6720766005981e-05,0.504963183896775
0.243612327828213,0.609896448788837,0.000658358063297472,0.0068172985228416,0.00010417650840866,0.480376233284267
0.461111460232644,0.468778438345029,0.000651812750802299,0.00830727115763708,0.000159334891840224,0.818401226683936
0.252880654557641,0.0697887453382506,7.03514509061063e-05,0.0065161961266507,0.000113983463344292,0.89985359047103
0.645487843454751,0.527805416761228,0.000595089167574971,0.00995501480915983,0.000129062867293417,0.676815075428827
0.295123780202911,0.391883507533386,0.000188915610034788,0.0021349900558576,4.80557251214542e-05,0.469769214968737
0.489123057633156,0.279405737990679,0.000236926516913475,0.0075154402921575,8.05384181734592e-05,1.30005143497517
0.624185180490011,0.351337923976125,0.00021080055874518,0.00379788819361769,9.02022485080312e-05,0.735301367131106
0.862969644124245,0.434829188489249,0.000349027523746262,0.0295746636805713,8.19878548830033e-05,1.17826925268849
0.20487170151795,0.462240276721814,0.000331393171942069,0.00240681530372377,2.47755366195035e-05,0.314287151529739
0.777260403546087,0.523079584258123,0.000354884523656729,0.012006671269755,5.9991192458142e-05,0.741700922031925
0.421474387027887,0.24697640416127,0.000208880066516442,0.00367818678673589,8.1883385882886e-05,1.32293197120751
0.399252074879675,0.113435851933907,5.67841216968036e-05,0.00255559843937674,9.68543558493851e-05,0.912301223447246
0.279041719243311,0.109964323924405,0.000125499249129365,0.00917496989700466,7.13500675986189e-05,1.17196271581799
0.287002995288388,0.363953393700544,0.000501638774849259,0.000756610396240071,0.000189505971634474,0.698870392453384
0.298651768775304,0.445485730027339,0.000544455210113196,0.00475991232223067,5.27813811046496e-05,0.625661906639152
0.373984057018273,0.369040639436324,0.000226356771599561,0.000199982334818977,0.000153010176587309,0.555319090297009
0.233904618526237,0.583905912676652,0.000902517392801069,0.00762713145736298,5.76213819297733e-05,0.571877037902624
0.321699924443752,0.141848308043979,0.000162118395885535,0.00648757478072248,7.55203999461274e-05,1.0959957799798
0.283046751025084,0.584420987659317,0.000457936417881071,0.0096719707466862,2.68608906311973e-05,0.485748638634487
0.530586558410429,0.521583803758662,0.000500252832675534,0.00669833663202724,0.000139620459918555,0.597299781409285
0.400993826661367,0.642337607437148,0.000451417524233959,0.0123338135576174,3.42097018171672e-05,0.522408450531753
0.385054683786912,0.152427310773362,0.000177439718410507,0.0206059458134662,0.000146801795435081,1.03309538246332
0.401059998016429,0.142161463767554,7.54059493386044e-05,0.000239802609039838,0.000117223369822117,0.925923242311999
0.436323481087797,0.444687147549416,0.000496899574150714,0.0100520530545354,8.82361210555183e-05,0.95691261076114
0.441009210983001,0.526247671772672,0.000774831992183295,0.0153675924557157,0.000129986381880443,0.972107345916425
0.30337851918194,0.669435342881552,0.00069208442012858,0.0127242063452382,3.92039621197049e-05,0.601394865625456
0.619943910227239,0.688941900695016,0.000843241682131029,0.0227606797131852,8.47041090254463e-05,0.803416964308597
0.384888983446796,0.453789431698048,0.000610865759392049,0.008515197145493,6.43588408191786e-05,0.829416968032663
0.636792873872638,0.403780996360847,0.000344219618193214,0.0124891356778623,9.85914799717102e-05,1.05946479208585
0.633651723734863,0.336607289597168,0.000254726471407959,0.00656757148220777,8.73750300417475e-05,0.838326253064606
0.525212972166678,0.31871045680365,0.000354676334574882,0.013957378960372,7.90896818453346e-05,1.21730476343081
0.499961728746001,0.166314194915973,0.000136233688780812,0.0146880697750516,0.000185473744034048,1.25233617299288
0.355397154067072,0.560394680215736,0.000713600333969642,0.00884016789009274,3.89111937004749e-05,0.580815212954574
0.697196394675581,0.308608802568333,0.000240820539034102,0.0114022860331353,9.17937641578548e-05,0.836290938640201
0.520211244962043,0.419938049611712,0.000246366841736924,0.00314081622297481,0.000147341377589039,0.628285287370319
0.153407780519865,0.361461232167847,0.000217699592816193,0.000775072357089052,2.75817282069379e-05,0.241984853669811
0.40140813876488,0.533572980965235,0.000938277720690423,0.0200913308729638,0.000100765828095484,1.09518444852963
0.64919810188746,0.258006483178086,0.00020380042020334,0.0074770675197376,0.000247749792889329,0.803996095721793
0.40683492648963,0.242463834565498,0.000168452225717581,0.0001785502079521,9.05817271024123e-05,0.997306033108843
0.302687206680252,0.317884189360295,0.00046286993588472,0.000872150968270599,0.000183778886111985,1.08321575629233
0.130817342047784,0.318533950494082,0.000169197532429166,0.000248447580128034,3.23654068781765e-05,0.352970427904461
0.451890299196789,0.170151952028075,0.000109119249046076,0.003025037098116,0.000128067827613598,1.13380725747699
0.180150495924236,0.488536119891413,0.000547603052753714,0.0023164533291542,9.04156554695779e-05,0.54408313627056
0.18491462962289,0.392016177575005,0.000268669013436806,0.0013611740942324,7.02954026543523e-05,0.48154823901377
0.27089699862537,0.308660953796113,0.000464342000878431,0.00486270415632285,9.08663596227433e-05,1.19508298865127
0.599735738956442,0.270843064364978,0.000143595447421596,0.000846574030401369,0.000202496501770788,0.834726524926813
0.245186729732616,0.500313127871354,0.00032633927021321,0.00406876991511572,1.50810479715435e-05,0.270756214530247
0.0881534842644971,0.0424258378428632,9.76477162525516e-05,0.00714087560511294,0.000161755151170673,1.38778892558866
0.373784036807878,0.386535477903127,0.000489284835016233,0.00528029578664554,0.000125246471500973,0.94901076434691
0.197845693062915,0.394770397316168,0.000754747624569824,0.00641863020242209,7.14884908770141e-05,0.988721114854781
0.158960006774178,0.287979090463075,0.000355335216390656,0.000181548479900278,5.22974180905411e-05,0.685759851548617
0.27842954807844,0.515892975228027,0.000570155125141041,0.00577159128029819,5.11963634361456e-05,0.572586617412588
0.257601634950921,0.359269384964111,0.00023211366138349,0.00155188733863554,5.58343487902513e-05,0.564566478281995
0.586970205778137,0.495693525393026,0.000460128946262144,0.0100480836197546,6.43359041707647e-05,0.787699799102241
0.780093023762252,0.413839014001826,0.000235259048020353,0.00709652719461345,0.000129721421394946,0.737402239632997
0.576572696907585,0.423947626781995,0.000506620771746822,0.0147236936195608,9.09382763106259e-05,1.01449816729549
0.170121644879062,0.402592080062103,0.000246392370221013,0.00220357520674952,2.01380580114319e-05,0.319456598648256
0.495656771163366,0.212580869296541,0.000198881958467036,0.0102670625531534,0.000102221603426322,0.889731691648225
0.329116775098504,0.352526316249601,0.000313280335238554,0.00146923655416512,8.64015368237658e-05,0.718422463952262
0.240772967129432,0.526839420977864,0.000397426938856883,0.00420333400720706,2.12480435746176e-05,0.343528364103266
0.226550524118352,0.627785018914028,0.000812746105901699,0.00759412674379765,4.58815786419375e-05,0.537155424333117
0.296564315733772,0.512135404695523,0.00031588983300563,0.00448235554435199,2.90013536824452e-05,0.373292998512298
0.327027017897885,0.385778614608867,0.000226316199482466,0.000641247928248997,0.000149494418735796,0.436714177890855
0.507417425578138,0.620547542018456,0.0010351066299874,0.0152235032197761,0.000153187185970849,0.716107741790169
0.310481639501647,0.528479063621745,0.000679003359221093,0.0121323413482255,4.97332104457127e-05,0.788816397264321
0.447937531137255,0.305966776026345,0.000271043680604472,0.00592485565609202,8.15817764648896e-05,1.17393392103186
0.641755499523056,0.452600321110274,0.000456447656922115,0.00785945419618755,0.000125922773210052,0.712686702867652
0.360180814025224,0.351729726177918,0.000345486813434017,0.0038627758772566,9.59960577390229e-05,1.00938481168618
0.340447045107384,0.140561664196959,0.000144168201107345,0.00259124688214588,0.000133933011844944,0.985444930756696
0.378642668621421,0.36180636853178,0.00063369431386105,0.00657876000089073,0.000291604741016471,1.01892272822424
0.24144091106626,0.333087699477818,0.000539569132986171,0.000291733799181618,0.000161467863203646,0.767759239850285
0.420514232438718,0.14320495667075,0.000114300439846282,0.00263225735636879,0.000207616470598859,0.884696392337384
0.370462691510198,0.113069792029297,0.000116720671474089,0.00341262915339234,0.000439905853066858,0.983866124448784
0.457977555499145,0.451258461930947,0.000621558361319734,0.00762161103007308,0.00014588870058535,0.808978560514391
0.284922647950658,0.118371987101184,0.000137380132355805,0.00755963968772961,9.61980201857893e-05,1.04913491738579
0.298303573541547,0.589435921571901,0.000431535577636945,0.00646215740014127,1.85188363630018e-05,0.330770834107893
0.427037644938899,0.171491858658168,0.000168684580713143,0.0178070921294119,6.94916910640164e-05,1.22865541869466
0.176044197681691,0.359365341984219,0.000330111082497935,0.00124550570825198,4.77376220359149e-05,0.617330004578272
0.163184824537588,0.084083868701068,0.000146279164723952,0.00709381547995111,0.000102117093010723,1.21086659426635
0.189966127749353,0.453107731501756,0.0003283496955537,0.00361660307590661,2.38615246395124e-05,0.402494633581588
0.455171577434799,0.166830998404865,0.000153169872772553,0.00522027666855734,0.000284703564970568,0.862870491410058
0.193224918919599,0.341521751268114,0.000469460616235397,0.00296101688993363,5.39662614873482e-05,0.825171102395809
0.418707000974239,0.47921109214144,0.000535570110787071,0.00702714168346727,6.26063265063426e-05,0.693579520379591
0.145937704477683,0.351726287928233,0.000190910127278216,0.000991968568715101,1.75460178886144e-05,0.247219828664047
0.331255820482657,0.0944106520184284,7.68337309712105e-05,0.00542202113175603,0.000157141367229663,1.09355318371751
0.232175060781437,0.359627818524721,0.000261473750660736,0.00139705776931136,4.79323862004333e-05,0.517432920621452
0.227116780985304,0.560227326806828,0.000850245603478683,0.0102564728486433,4.10949606358124e-05,0.672045004050196
0.272814852565473,0.597052840667355,0.000557987399441018,0.00489877716106487,6.56064033377479e-05,0.296266232180375
0.315791153525646,0.39925605593849,0.000493606903684274,0.00525547568622616,6.13836983076599e-05,0.774180633774287
0.451617134282767,0.551251136515773,0.00102621199409292,0.0165871511324602,0.000240878068763495,0.893960249363316
0.27975856002338,0.583462523351396,0.00114560230810896,0.0103270347384665,8.31021077576932e-05,0.691514266611589
0.615078378638501,0.574031110145423,0.000461088120224622,0.00631269932660494,0.000171938006549022,0.463933872067261
0.184829113731855,0.501827744248117,0.000636959765284598,0.00583489205032071,3.94123092731236e-05,0.612045419597547
0.314409299976282,0.15286980675766,0.000177171065120417,0.000755707145432589,0.000101174742107857,1.07058259463851
0.273498883666123,0.54798886273133,0.000450085166517741,0.00834943223163417,3.72886531083139e-05,0.568448053580213
0.346206016862416,0.154915044459081,0.000172584209152354,0.0143441586177216,6.51850351904293e-05,1.09619603764581
0.360849106093575,0.386722163847608,0.000301525127691501,0.00266426557212921,7.33202401986821e-05,0.705625100712777
0.271981545282296,0.368645879322837,0.000176125503083467,0.00124540114284802,5.38625559862171e-05,0.461697080067491
0.704150009683824,0.407314470485253,0.000228924172868921,0.00526770805118838,7.1800373241393e-05,0.653749331021765
0.337665962347744,0.300447412504567,0.000275786494219332,0.000687455560572608,9.32850336296531e-05,0.812628408593715
0.168352661490401,0.08943601975675,0.000211834950682364,0.0145524330936413,0.000488955091994259,1.32061235173693
0.527167374417825,0.197549245628536,0.000204309499458282,0.035210816268386,7.9022719655375e-05,1.28385785068315
0.233472237269883,0.543166328026423,0.000458072992086984,0.00504503175791093,1.80533280463857e-05,0.315625079834921
0.2586103900315,0.517959434898074,0.00034726323223655,0.00422787220661596,2.18254625053427e-05,0.336943673469777
0.259276934199137,0.537658390808992,0.000674851308438537,0.0054493603578771,5.78287301836178e-05,0.552918501550703
0.256682710623179,0.526612157381034,0.00101072566957175,0.0133992584021898,5.93722904534966e-05,0.879482323383011
0.231795971158411,0.512240907746264,0.00051520306079768,0.00514289726551352,4.06982158529523e-05,0.541400396814051
0.224363769822933,0.527048648835126,0.000502113282717177,0.00342962648376093,6.30278936861184e-05,0.444144496547505
0.237620502874236,0.489353418064997,0.000337367621800715,0.00381994833891548,2.78986432483697e-05,0.367456237378623
0.447619071087813,0.608188783057794,0.000890722910115319,0.0168432646304887,6.2875339318369e-05,0.785117463516135
0.353441691731682,0.121136138508948,0.000134530335782479,0.0226826401911977,7.26399158129665e-05,1.12786931627159
0.274888452396205,0.531442784945657,0.000399594249191258,0.00646778218649224,5.51681318641806e-05,0.425691194331594
0.226878111839746,0.373403871767319,0.000162859038883261,0.00224276770789876,3.39775518568008e-05,0.488127755600883
0.156573339101795,0.439645160499324,0.000401148898958909,0.00277029284623254,3.68862451319285e-05,0.473155757111746
0.375651818818046,0.377559135067429,0.000511415429255939,0.00280558827075212,0.00020071314571074,0.808845428142598
0.136298427252379,0.314590852146246,0.000146419870923025,0.000520302727410485,1.80446495204323e-05,0.228288328855501
0.456803800784611,0.563231510930517,0.000569056424880112,0.0110789758359494,5.49493843260418e-05,0.674590729306719
0.56104056041506,0.273659622851418,0.00016909930696331,0.00237066727550226,0.000147671011492545,1.07542471356655
0.22307547748901,0.434696847351201,0.000690647692870781,0.00721184558341978,5.66835317600267e-05,0.845645891752363
0.274306730240204,0.648663906754886,0.000602799671784686,0.0107242155812846,3.14881542812229e-05,0.525457541959244
0.663485878253933,0.434293700390942,0.000403574491203429,0.0144197164033054,8.09839436705095e-05,1.00875373939546
0.255558931914202,0.135339980833482,0.000207827767687415,0.0279824186955047,0.000111174320864549,1.48377644090999
0.280505509768769,0.520037035378617,0.000954574196287972,0.0098088939150452,7.2506601558886e-05,0.762111954218566
0.472137534253125,0.262701347675253,0.000350227058408338,0.0126759743872868,0.000247933737833328,0.925888176743032
0.141632836773153,0.113343658236786,0.00020619215232046,0.0229667663403139,0.000197409934164783,1.03975931078359
0.365104101426317,0.627231607208677,0.00125265991525339,0.0176571390464453,6.4721781919963e-05,0.795208104387157
0.19703254023673,0.0817784966966605,0.000128825274815979,0.0128044119585002,0.000217126739379681,1.07074882138199
0.281554383789739,0.54835875312742,0.000904679161362054,0.0108506429405012,5.31458841004917e-05,0.727659928427086
0.4957549770368,0.467402089532331,0.000366761631626871,0.0056984760868747,8.04855241454128e-05,0.636883290635233
0.196325459649316,0.474880869127947,0.000385653847066538,0.00495993079734675,3.15104681930523e-05,0.483242753353726
0.287607362655651,0.0774211512122313,4.53546328969624e-05,0.00297677330848448,7.68387625360578e-05,1.07413010618229
0.169682636846913,0.34396208992149,0.000175942165985583,0.000558619637372867,3.91054013115788e-05,0.412947211906693
0.400424186035586,0.333554867115726,0.000252994413149235,0.00228256666663056,8.60364369803523e-05,0.894833397276547
0.372973804659837,0.121244168482803,9.9919278289435e-05,0.0115802691350427,9.98536976479225e-05,1.43938829065086
0.216930072359789,0.300085011284423,0.000338985790215851,0.000982647427395987,6.32803358380229e-05,0.781110713643507
0.594292625665238,0.309319177549394,0.000332104211347201,0.0236799441901057,0.000127780157578583,1.19244838679607
0.446573876091705,0.317939762128905,0.00031435260826448,0.00465849473520384,0.000114596616146434,1.07878775881994
0.164559665437602,0.354609671127104,0.00016367243083388,0.00148768395237729,2.72450142058123e-05,0.411827505571634
0.21170279935645,0.519294693135385,0.00046241326578933,0.00373479519771054,2.6325346064171e-05,0.349012517375513
0.309019084867579,0.473105519316341,0.00102943823308951,0.0088041434890115,0.000226721340008951,0.871292661996925
0.319571117640693,0.550833903101288,0.000879201879259003,0.0058406801113036,0.000152973320102778,0.534653380879213
0.256703206180653,0.503373192795031,0.000936440587758927,0.00636624549125006,6.73822812241598e-05,0.654510039547566
0.337481947114693,0.697870133403721,0.000663719439906808,0.0104008831390358,5.92227555329394e-05,0.378556431220497
0.656508370239228,0.546494425046617,0.000519255988597399,0.0100538006375661,6.76957180673066e-05,0.655566290201174
0.192654135136028,0.347629595720544,0.000177821352829812,1.5599597803982e-06,8.55662317389427e-05,0.309343940448533
0.203529229835242,0.363749731224771,0.000190921144674735,0.00124019968643958,4.29037448929082e-05,0.479150628288997
0.559245127177421,0.484815177392849,0.000314986225232897,0.00584609651418536,4.54267748681292e-05,0.567800393232639
0.174485587705053,0.381860658205113,0.000236347832321166,0.00224275335858337,3.37442828124423e-05,0.492867403563875
0.735684703235817,0.467638864465325,0.000370178037632586,0.0134833789538253,0.000106983280757922,0.924938820257015
0.309516481984407,0.618457951184758,0.00113790378271084,0.0121993771050123,6.15558037292407e-05,0.665350982786972
0.281686945599047,0.428698697707563,0.000630325413077313,0.00227020954003874,0.000159384147038755,0.576022294029865
0.255035186773611,0.396965328441911,0.000261512064286024,0.0045094712778201,4.28855031930908e-05,0.658411381911546
0.431045094065885,0.40631069758712,0.000219962610709905,0.00416248916430233,5.86714737099703e-05,0.657440602314097
0.335215414367651,0.500012499682345,0.000681002032651027,0.00600366308952819,6.10583138258014e-05,0.595997512127984
0.600875123102362,0.319632576240014,0.000349864008989239,0.0163725535267429,0.000190706228475612,1.14200230838524
0.275156917860508,0.4647376964928,0.000418994223148696,0.0030549461834831,5.44366540664032e-05,0.492011414754412
0.575981369433931,0.272224655484265,0.000173154451932334,0.00399072212609042,0.000114224929882722,0.965751664853502
0.259335180080589,0.553947779924346,0.00115509806053143,0.0135421621491208,6.83574018042754e-05,0.850179427958064
0.219564536333428,0.540987439789919,0.000671855683725171,0.0037012551713987,5.60551675063414e-05,0.44984045562968
0.14845993325574,0.413073006411135,0.000328447433428636,0.0018990973346281,2.83793857691617e-05,0.404818451734309
0.70605400176893,0.404564543143859,0.000381868826341122,0.0127996698059566,7.6398355085272e-05,0.865559612276782
0.392027800522055,0.555903924781553,0.000699276855518706,0.00905908906905546,4.97063218349303e-05,0.606183138603574
0.521613311860181,0.540343881694216,0.00040511911134633,0.00800588069853931,6.52565058281707e-05,0.545427593867664
0.362382466432276,0.433768926610955,0.000462309186805803,0.00584229154467129,6.59529712981888e-05,0.714401811826211
0.311455386400317,0.340814351074136,0.000387613834825932,0.00286247523319437,0.000101048675625603,1.02051114871937
0.588360408522171,0.584253691982006,0.000681028264959416,0.0210690166530763,7.31105459256254e-05,0.971874209258298
0.440549373287302,0.53017144163725,0.000371550821874424,0.00690847082651658,0.000141180946910957,0.556949164739103
0.071455464347725,0.0655259773107985,0.000142744788360944,0.0178910234562211,0.000100411659345601,1.40898646646311
0.169354083675577,0.350280844441108,0.000194332403394678,0.00149062983210792,3.35511430624158e-05,0.307556393345602
0.665594508960643,0.334802386425803,0.000186485675501835,0.00631404980569858,7.19651398459198e-05,0.833455201757852
0.496000152904186,0.451651023802845,0.000507920592432828,0.017131526297406,6.82896429432533e-05,1.16993510687798
0.59281926766408,0.574539372744098,0.000448345786671237,0.0109863351218019,5.92474120528208e-05,0.627434911478393
0.456616677428912,0.410082980739634,0.000319267730342077,0.0034733407126643,0.000173131561770345,0.83834888170801
0.579168292077492,0.546727617511955,0.000491733527274718,0.0152467508540699,5.39349627029506e-05,0.823223090699413
0.729038310306462,0.484717929294387,0.000519653612207627,0.0131437970263271,0.000172167393967804,0.801181972909237
0.293153583905692,0.132748329606524,0.000255993979208264,0.00214503963147372,0.000498627931097562,1.0155903050942
0.396009829449762,0.137248293452519,8.29913879682057e-05,0.000282148660308528,0.000136847354119396,1.11298572752864
0.0972833025947306,0.033296239154712,5.70310781298845e-05,0.00130780089535598,0.000103823120359281,1.09165362115101
0.52864420238441,0.393715477942091,0.000447308642335744,0.00945638911445787,8.86812592235109e-05,0.930524560623554
0.185343508006808,0.429405569102314,0.000357056960480812,0.00126091555656999,7.62789986716306e-05,0.360225015938464
0.329029388893565,0.343436054706103,0.000387195509381805,2.75086242673694e-05,0.000190746669090358,0.884212214328587
0.522440685830627,0.189512770698563,0.000133915752106465,0.00716640763557105,0.000125312040151482,0.936591438090624
0.625482609986072,0.624836468066103,0.00064006881569537,0.0199745140684802,9.65817809575609e-05,0.866839508447311
0.112582545139794,0.283875511153386,0.000111204665158888,0.000415900045672554,2.39335639001803e-05,0.398948329690304
0.256620446282829,0.647635262085444,0.00069629351295524,0.00672587330909278,4.48940970176892e-05,0.416755456367213
0.194319040600632,0.503598426182527,0.000584910581258313,0.00554776273967558,4.0384728870746e-05,0.604672112610357
0.367830993600604,0.515213527507718,0.000677186767328308,0.0141208420783341,5.43756534965301e-05,0.87172523789795
0.290234328951255,0.327799145549701,0.00041777128033184,0.0028358185076373,7.89785337060311e-05,0.881097238225603
0.332534266307416,0.620959968111733,0.000436465532433721,0.00978849784386401,2.39621818456937e-05,0.399919476812283
0.276090563204878,0.568192575489678,0.000374382522668907,0.00558579769343354,1.5502454889238e-05,0.3017362104063
0.427300281060639,0.278916562179709,0.000236648162998954,0.00227212320355211,8.0571618638059e-05,0.904163232799219
0.341674458647079,0.213330381637622,0.000331293771222667,0.00406664879390054,0.000200218920787254,1.38379739406114
0.270576305820835,0.617547721459832,0.000732659790804645,0.00952907295578445,3.51792955696761e-05,0.564204718467298
0.306979394667506,0.487551792660578,0.0002838003374401,0.00718339150924357,4.05782894438711e-05,0.556791494384553
0.490234671318701,0.544185886131032,0.000345935957651073,0.00854460417865077,3.68235160363994e-05,0.531748684592011
0.262821837572202,0.537533375311038,0.000861608874073002,0.0044596535323357,0.000140893049840884,0.502993522695968
0.623235822820867,0.38380142458605,0.000361791127415475,0.00975870084090375,6.82183549163828e-05,0.870107100555313
0.154427380945066,0.27998802998308,0.000532626821958537,0.000623890909252316,7.12672200461895e-05,0.969485772983613
0.0425182471774921,0.0670983832939952,0.00014975526233688,0.0105670785992868,6.41346991903102e-05,1.06659959031585
0.29900643031322,0.514452757227612,0.00092621562820686,0.0111179087897944,6.12783522577209e-05,0.791012466124415
0.642655853718699,0.346503530368469,0.000283627305638515,0.00956641697889639,6.838987568758e-05,0.881852393859924
0.506276587030063,0.51852700344579,0.000394118889866592,0.0126238607446792,4.7524889551509e-05,0.775560502878451
0.72739387360965,0.45674056786682,0.000267031017710449,0.00683720927255723,9.38345464163159e-05,0.674008212061168
0.139297996385457,0.336131607547862,0.000216233011778628,0.000190689670561842,4.26750243906482e-05,0.446626303699885
0.19293287574218,0.351768535689078,0.000411634626762414,0.00112595903537357,5.30109308199966e-05,0.569574558495489
0.444463514992499,0.535165341208898,0.000739175236505066,0.00741803560783921,0.000114059905718944,0.572596328981175
0.469002954145425,0.15335719510956,7.04120500794048e-05,4.12541174237597e-05,0.000165355745106177,0.85308393420469
0.476826281964327,0.317582351638812,0.000252609659932647,1.36543474939442e-06,0.000200191923023507,0.742706200299962
0.430256405193896,0.187840978160825,0.000148503164394092,0.00237850604465985,0.000122109923464397,1.16909086780304
0.306611041398508,0.447555149274414,0.000619576612481687,0.00515993848997682,5.93700003700959e-05,0.653856938899929
0.327139597424697,0.59423077053422,0.00040945222268591,0.0104716507612742,3.01271401464964e-05,0.48402596950492
0.532577448311145,0.639302144833653,0.000832081987508662,0.0159902756994132,9.82155339557256e-05,0.677246849238126
0.351309208495021,0.502305828486981,0.00069723116368373,0.00785496253295572,6.01258394086757e-05,0.676650046108988
0.56188104130328,0.437042582235314,0.000413077425585685,0.0110586293144976,8.3973291939432e-05,0.974965874759685
0.308996460151034,0.271316173139357,0.00033155537537688,0.00164127224351012,8.81524218010465e-05,0.949366232005921
0.279194820974604,0.363064423747339,0.000413642628831796,0.00260784975027382,7.94657544628263e-05,0.752401326276075
0.259031435386747,0.542054855834361,0.000383269795094827,0.00579558754955554,1.83527595454258e-05,0.346367613697958
0.760583612778865,0.343759388843345,0.000199222699952856,0.0100387924160751,7.55262960380754e-05,0.837668870490304
0.242330794448797,0.596699288424318,0.00110166565753086,0.00977729095749272,4.47204934861389e-05,0.605433158518132
0.403972734902558,0.570739305982836,0.000383272155099082,0.00501722690171569,7.72094388867828e-05,0.333323946399844
0.356778437573535,0.546191792460959,0.000311927449615977,0.00777739601514377,3.26117742532883e-05,0.449238719642716
0.394803118225484,0.349123535581252,0.00027363435156794,0.000213394526810922,0.000159825296978944,0.735722668617396
0.643623679691396,0.33482099737192,0.000325873624386551,0.0178949966548167,0.000135554561678242,1.08900294301476
0.532225567764222,0.420541557855092,0.000290199809414661,0.00614775723075032,6.8357738583491e-05,0.765826941895309
0.176352059128027,0.450258417494797,0.000368647183814273,0.00260368728085706,3.26356379476422e-05,0.41596911715495
0.340713414959115,0.630145674196391,0.000725921369618529,0.0155723523804457,3.74933797897548e-05,0.706218646665905
0.270683152288065,0.374778024059274,0.00066102322728856,0.00192742943256568,0.000168314455882557,0.687852527148092
0.283349314014192,0.103578192856002,0.000112074233547612,0.0123979557455277,6.03471953936063e-05,1.26409996678382
0.702604111731953,0.335730097777986,0.000264253758662315,0.010839133955625,7.9923765343437e-05,0.824941273821119
0.202259451819176,0.415089718375227,0.000319834842876787,0.00231968291670397,5.88542934804037e-05,0.607166099038843
0.457544844471025,0.564247369105874,0.000494393678069598,0.0110029047772908,8.97239203712097e-05,0.655911159597178
0.672607412248727,0.440063961382186,0.000469018463695419,0.014325992972543,7.60148689410434e-05,0.898317000859923
0.122587516349082,0.0513907530419466,7.91928841487837e-05,0.00485436590480504,9.55553905779283e-05,1.05672112836001
0.543410809694667,0.259973731209228,0.000286848584605894,0.0116978222936786,0.000207633024998377,0.869119513180472
0.34351757822404,0.569026600616417,0.000411035944582392,0.00891065572026863,4.16914176681882e-05,0.514895217492336
0.832855955874567,0.430814056817663,0.000334012970659714,0.0205408052379928,9.11086107460712e-05,1.03713952917343
0.243442157632501,0.37116591844466,0.000439702836020826,0.00136107037291515,8.72855639960646e-05,0.636456938666689
0.519819410884637,0.219436247061999,0.000201113799093631,0.0154282032587589,9.49293851762456e-05,1.07838681162227
0.503015575008536,0.26908859274144,0.000337010000493544,0.00817654463945518,0.000237757592588816,0.971376485766247
0.343110983771489,0.594446055268704,0.00112445495480871,0.0136826419745122,0.000107584933399518,0.75128931574057
0.72698492918799,0.475754154072305,0.000283076385823985,0.00570185686570619,8.49062441091175e-05,0.571838279513533
0.203781535845771,0.342039662148963,0.000150482908109087,0.0010506962725262,4.29660075226823e-05,0.589122926331065
0.709464915570335,0.437859974222742,0.000257650649504448,0.00623469124660936,7.58616675061718e-05,0.667103414205468
0.28610911131266,0.500672783898536,0.000621624968620362,0.00513843204636671,4.81726647738601e-05,0.555440387099241
0.474609361509337,0.594705810430529,0.000928586842063872,0.0218776748357146,8.43351281878957e-05,1.0085772908397
0.293123129464501,0.372596379416556,0.000319973880708828,0.00191228661239329,5.90071745645848e-05,0.55942255671552
0.227146019439184,0.364198460445219,0.000550092564518704,0.00430424095778013,6.17474837705245e-05,0.83157034269273
0.472585179566165,0.311424184717967,0.000156394335177572,0.00178811879319214,7.05117680868672e-05,0.826271744421477
0.550055407068095,0.428598103785482,0.000625298656764528,0.0231710853058699,0.00016653695436436,1.23766369951594
0.240852785775569,0.535056920436538,0.000401723796288651,0.00386253925050666,1.58162431845854e-05,0.266410813594871
0.237356144556777,0.632107597764441,0.00076862838781341,0.00731624203775816,4.43714002804074e-05,0.496140142839755
0.525077661508444,0.521722948398917,0.000716381565617803,0.0195823836319458,0.000130987216916123,1.11444556084213
0.197988745288535,0.488817998300916,0.000561299277860147,0.00333424510715449,8.56993324610533e-05,0.594205089110566
0.531714836015107,0.307204632787883,0.000419232817004479,0.0101047582301561,0.000307400957423598,0.831466097561684
0.424756034814733,0.254903426866182,0.000323512734826511,0.00256072311625008,0.000193252610124206,0.913183360595759
0.503012768152677,0.318441372604283,0.000229728745039713,0.000833233638277063,0.000151336327695872,0.800387223835278
0.195394943941496,0.328184258546748,0.000326529606084084,0.000306675653284825,6.62228262823805e-05,0.840981841720989
0.228828990500585,0.496120201198824,0.00053067202884703,0.00502099021867534,4.15081266871842e-05,0.543531798143556
0.463289169163605,0.175554554338042,0.000139152888504032,0.0028400746292829,0.000185495805771208,0.856440274136597
0.20793660908569,0.379120911775388,0.000197719808846055,0.00207609991182649,3.93136271800709e-05,0.513708872277677
0.371972660635489,0.10929880439603,0.000118197403027003,0.0095180033164523,0.000332080059549378,0.932152436424379
0.357330785759613,0.0966320806150555,5.96585482380364e-05,0.00610395601476275,6.80583084444741e-05,1.07451904578874
0.322808574033662,0.167966678066289,0.000256515526473956,0.0112125403231974,0.000188824664607012,1.51251177989605
0.240890623102175,0.652549531188206,0.000736917201054383,0.00947789952997015,6.31493387345805e-05,0.544893715204164
0.749103100669002,0.341407102699698,0.000318126165616788,0.0154009892976743,0.00026383698376875,0.907376258552084
